feature_set,quantile,mean_predicted_load,empirical_coverage,calibration_gap
full,0.05,132.59316720445267,0.08187632579913685,0.03187632579913685
full,0.25,142.3875297952305,0.2721625612610636,0.022162561261063585
full,0.5,148.90850886694332,0.4716777302318777,-0.0283222697681223
full,0.75,155.4803154972062,0.6827294089678883,-0.06727059103211175
full,0.95,165.6705919242597,0.9013319709604272,-0.04866802903957279
