feature_set,quantile,mean_predicted_load,empirical_coverage,calibration_gap
full,0.05,108.96483346426035,0.0544578853046595,0.004457885304659494
full,0.25,118.81367611345644,0.2784498207885305,0.028449820788530478
full,0.5,125.77213296233778,0.47672491039426523,-0.023275089605734767
full,0.75,132.8687714821935,0.6672267025089605,-0.08277329749103945
full,0.95,146.9087083368471,0.9160394265232975,-0.03396057347670245
