test_task,feature_set,n_obs,pinball_loss,coverage_90
2,full,744,2.639811798824705,0.8884408602150538
3,full,720,3.186317218993725,0.8347222222222223
