feature,load,temp_mean_actual,heating_degrees_actual,cooling_degrees_actual
load,1.0,0.10665018088447563,0.20791692451201596,0.5845030693739129
temp_mean_actual,0.10665018088447563,1.0,-0.9348032347518855,0.8078008132282937
heating_degrees_actual,0.20791692451201596,-0.9348032347518855,1.0,-0.5457802226210374
cooling_degrees_actual,0.5845030693739129,0.8078008132282937,-0.5457802226210374,1.0
