method,mean_coverage_90
climatology,0.8976679650354765
lightgbm_full,0.8194556451612903
seasonal_naive,0.8260071501718967
