method,mean_coverage_90
climatology,0.8976679650354765
lightgbm_full,0.8032024906736889
seasonal_naive,0.8260071501718967
