baseline,mean_diff_baseline_minus_model,t_stat,p_value,model_better_on_average
climatology,7.247976058260777,7.122384770166584,7.788802336548832e-06,True
seasonal_naive,7.871386370609062,7.055484008913235,8.600274118041245e-06,True
