test_task,climatology,lightgbm_full,seasonal_naive
2,5.972477570191159,2.639811798824705,12.347949418558343
3,6.3032214634773664,3.186317218993725,6.8182695267489715
