test_task,method,pinball_loss,coverage_90
2,seasonal_naive,12.347949418558343,0.8010752688172043
2,climatology,5.972477570191159,1.0
2,lightgbm_full,2.639811798824705,0.8884408602150538
3,seasonal_naive,6.8182695267489715,0.9430555555555555
3,climatology,6.3032214634773664,0.9944444444444445
3,lightgbm_full,3.186317218993725,0.8347222222222223
