method,mean_pinball_loss,std_pinball_loss,n_folds
lightgbm_full,2.913064508909215,0.3864376885567176,2
climatology,6.137849516834263,0.23387124977871726,2
seasonal_naive,9.583109472653657,3.910074149289301,2
