baseline,mean_pinball_loss,std_pinball_loss,n_folds
climatology,12.805714646035966,5.606210600817461,14
seasonal_naive,13.330431702086884,5.386266830846502,14
